,Atlanta Hawks,Boston Celtics,Brooklyn Nets,Charlotte Hornets,Chicago Bulls,Cleveland Cavaliers,Dallas Mavericks,Denver Nuggets,Detroit Pistons,Golden State Warriors,Houston Rockets,Indiana Pacers,LA Clippers,Los Angeles Lakers,Memphis Grizzlies,Miami Heat,Milwaukee Bucks,Minnesota Timberwolves,New Orleans Pelicans,New York Knicks,Oklahoma City Thunder,Orlando Magic,Philadelphia 76ers,Phoenix Suns,Portland Trail Blazers,Sacramento Kings,San Antonio Spurs,Toronto Raptors,Utah Jazz,Washington Wizards,year
0,"{'ave_push_num': 14.624730021598273, 'ave_comment_num': 16.423866090712743}","{'ave_push_num': 16.460791366906474, 'ave_comment_num': 43.32482014388489}","{'ave_push_num': 15.428121484814397, 'ave_comment_num': 15.275815523059618}","{'ave_push_num': 11.642561031782588, 'ave_comment_num': 27.38968217411331}","{'ave_push_num': 14.498418347172796, 'ave_comment_num': 25.898774219058918}","{'ave_push_num': 15.364214992927865, 'ave_comment_num': 24.80728429985856}","{'ave_push_num': 14.634434872058634, 'ave_comment_num': 24.224250996528223}","{'ave_push_num': 16.4978354978355, 'ave_comment_num': 41.26865291571174}","{'ave_push_num': 13.427406710567576, 'ave_comment_num': 29.547820633427406}","{'ave_push_num': 21.92963446475196, 'ave_comment_num': 23.7177545691906}","{'ave_push_num': 21.206381534283775, 'ave_comment_num': 21.419959266802444}","{'ave_push_num': 13.392783807568202, 'ave_comment_num': 24.830155470812556}","{'ave_push_num': 15.41117626767851, 'ave_comment_num': 20.494653328734046}","{'ave_push_num': 21.699443601416288, 'ave_comment_num': 33.1718765806778}","{'ave_push_num': 6.624322993599212, 'ave_comment_num': 17.796651895617924}","{'ave_push_num': 13.124184382235319, 'ave_comment_num': 27.48663439275942}","{'ave_push_num': 23.693765733747963, 'ave_comment_num': 26.581371242410782}","{'ave_push_num': 10.258088930936614, 'ave_comment_num': 28.687038789025543}","{'ave_push_num': 5.589971883786316, 'ave_comment_num': 16.008903467666354}","{'ave_push_num': 13.839045791061146, 'ave_comment_num': 28.166986564299425}","{'ave_push_num': 16.89101034208433, 'ave_comment_num': 21.63120809182862}","{'ave_push_num': 13.852486721390633, 'ave_comment_num': 20.186624818928053}","{'ave_push_num': 19.783718244803694, 'ave_comment_num': 36.35577367205543}","{'ave_push_num': 12.247178486832938, 'ave_comment_num': 26.650968371185733}","{'ave_push_num': 19.47176149485618, 'ave_comment_num': 23.043879907621246}","{'ave_push_num': 9.627805049088359, 'ave_comment_num': 26.891654978962134}","{'ave_push_num': 22.114545454545453, 'ave_comment_num': 22.22961038961039}","{'ave_push_num': 25.35030719566802, 'ave_comment_num': 28.85556596896803}","{'ave_push_num': 17.756623171213917, 'ave_comment_num': 20.723013048635824}","{'ave_push_num': 9.736335403726708, 'ave_comment_num': 14.654968944099378}",2019
1,"{'ave_push_num': 31.676063067367416, 'ave_comment_num': 8.16674629718108}","{'ave_push_num': 45.50594190140845, 'ave_comment_num': 31.476342429577464}","{'ave_push_num': 16.23574435514734, 'ave_comment_num': 14.885954841178721}","{'ave_push_num': 19.487711632987438, 'ave_comment_num': 16.26269797924631}","{'ave_push_num': 33.7327080890973, 'ave_comment_num': 24.256506447831185}","{'ave_push_num': 30.596825881275752, 'ave_comment_num': 33.183580039676485}","{'ave_push_num': 22.039552880481512, 'ave_comment_num': 14.789337919174548}","{'ave_push_num': 24.27758674585808, 'ave_comment_num': 40.31228508909034}","{'ave_push_num': 21.04432624113475, 'ave_comment_num': 23.657446808510638}","{'ave_push_num': 52.71140408701384, 'ave_comment_num': 20.687145682267634}","{'ave_push_num': 45.86637122890745, 'ave_comment_num': 17.23896369524459}","{'ave_push_num': 29.358466722830666, 'ave_comment_num': 20.506318449873632}","{'ave_push_num': 18.253299492385786, 'ave_comment_num': 20.716243654822335}","{'ave_push_num': 52.94315485401837, 'ave_comment_num': 25.603528319405758}","{'ave_push_num': 16.036556603773583, 'ave_comment_num': 9.90507075471698}","{'ave_push_num': 24.72357274401473, 'ave_comment_num': 19.182872928176796}","{'ave_push_num': 36.66717152593714, 'ave_comment_num': 35.589549413101096}","{'ave_push_num': 39.347133000237925, 'ave_comment_num': 26.20199857244825}","{'ave_push_num': 14.253340757238307, 'ave_comment_num': 16.27227171492205}","{'ave_push_num': 36.93090211132438, 'ave_comment_num': 27.297209508341947}","{'ave_push_num': 27.90438973557379, 'ave_comment_num': 16.982545265077505}","{'ave_push_num': 12.13457249070632, 'ave_comment_num': 18.923420074349444}","{'ave_push_num': 47.0264326965793, 'ave_comment_num': 25.873500666370504}","{'ave_push_num': 26.660344451711357, 'ave_comment_num': 19.99563985175496}","{'ave_push_num': 33.749461593682696, 'ave_comment_num': 19.905240488155062}","{'ave_push_num': 19.231244483671667, 'ave_comment_num': 23.542365401588704}","{'ave_push_num': 37.98581907090465, 'ave_comment_num': 16.673105134474326}","{'ave_push_num': 51.88817417120237, 'ave_comment_num': 25.037852548243443}","{'ave_push_num': 41.563380281690144, 'ave_comment_num': 13.869604725124944}","{'ave_push_num': 24.179684494036167, 'ave_comment_num': 13.620238553289727}",2018
2,"{'ave_push_num': 29.24895793861311, 'ave_comment_num': 11.971959075407351}","{'ave_push_num': 25.125834127740706, 'ave_comment_num': 30.773276136002544}","{'ave_push_num': 16.197150997151, 'ave_comment_num': 13.961823361823361}","{'ave_push_num': 15.33989401968206, 'ave_comment_num': 10.865253595760787}","{'ave_push_num': 26.957663916630484, 'ave_comment_num': 26.049066435084672}","{'ave_push_num': 24.96163215590743, 'ave_comment_num': 22.29395046691027}","{'ave_push_num': 20.713839750260146, 'ave_comment_num': 11.05723204994797}","{'ave_push_num': 18.060330578512396, 'ave_comment_num': 24.87520661157025}","{'ave_push_num': 16.673939393939396, 'ave_comment_num': 21.03090909090909}","{'ave_push_num': 40.34801152737752, 'ave_comment_num': 20.096253602305474}","{'ave_push_num': 31.35521327014218, 'ave_comment_num': 18.645497630331754}","{'ave_push_num': 17.654962862930454, 'ave_comment_num': 13.74679270762998}","{'ave_push_num': 11.130987292277615, 'ave_comment_num': 43.241446725317694}","{'ave_push_num': 38.63106388927723, 'ave_comment_num': 21.69481336502167}","{'ave_push_num': 14.62480252764613, 'ave_comment_num': 8.36571879936809}","{'ave_push_num': 18.486653294244714, 'ave_comment_num': 11.45471377873785}","{'ave_push_num': 26.701744966442952, 'ave_comment_num': 31.66523489932886}","{'ave_push_num': 24.010200828817343, 'ave_comment_num': 20.92349378386994}","{'ave_push_num': 13.3763197586727, 'ave_comment_num': 15.638763197586727}","{'ave_push_num': 23.160549689961453, 'ave_comment_num': 26.065359477124183}","{'ave_push_num': 20.463895983283027, 'ave_comment_num': 8.937311353610403}","{'ave_push_num': 12.124856156501727, 'ave_comment_num': 18.636363636363637}","{'ave_push_num': 30.348382859957315, 'ave_comment_num': 22.417337054670824}","{'ave_push_num': 17.425710293432697, 'ave_comment_num': 11.786679087098276}","{'ave_push_num': 23.773661165375547, 'ave_comment_num': 14.700909397103402}","{'ave_push_num': 24.54094461433911, 'ave_comment_num': 18.236153584777437}","{'ave_push_num': 29.635969664138678, 'ave_comment_num': 11.384615384615385}","{'ave_push_num': 34.36284809071202, 'ave_comment_num': 17.31332332833083}","{'ave_push_num': 24.220396600566573, 'ave_comment_num': 11.828328611898018}","{'ave_push_num': 20.89275821131777, 'ave_comment_num': 11.713889988128216}",2017
3,"{'ave_push_num': 14.005555555555556, 'ave_comment_num': 12.003174603174603}","{'ave_push_num': 14.303969863807591, 'ave_comment_num': 30.90495508548247}","{'ave_push_num': 10.82013422818792, 'ave_comment_num': 6.111409395973155}","{'ave_push_num': 12.786736020806241, 'ave_comment_num': 10.721066319895968}","{'ave_push_num': 24.799333194415503, 'ave_comment_num': 38.33652844342571}","{'ave_push_num': 18.217092056208774, 'ave_comment_num': 36.636650415830225}","{'ave_push_num': 16.213316095669036, 'ave_comment_num': 12.82611506140918}","{'ave_push_num': 10.039729501267963, 'ave_comment_num': 12.524936601859679}","{'ave_push_num': 16.837278106508876, 'ave_comment_num': 14.534516765285996}","{'ave_push_num': 22.763238289205702, 'ave_comment_num': 13.07365919891378}","{'ave_push_num': 16.3095399188092, 'ave_comment_num': 16.315629228687417}","{'ave_push_num': 11.296410256410256, 'ave_comment_num': 8.654358974358974}","{'ave_push_num': 11.376877857609406, 'ave_comment_num': 48.50293925538863}","{'ave_push_num': 20.354695544115035, 'ave_comment_num': 14.618853186579088}","{'ave_push_num': 9.352286773794809, 'ave_comment_num': 6.742892459826947}","{'ave_push_num': 20.60932428444969, 'ave_comment_num': 15.954263794629684}","{'ave_push_num': 13.996918335901388, 'ave_comment_num': 11.486902927580894}","{'ave_push_num': 17.327690447400244, 'ave_comment_num': 13.483675937122127}","{'ave_push_num': 6.205958549222798, 'ave_comment_num': 8.55181347150259}","{'ave_push_num': 18.324399494311, 'ave_comment_num': 20.25613147914033}","{'ave_push_num': 10.37700228832952, 'ave_comment_num': 11.133867276887871}","{'ave_push_num': 11.10300703774792, 'ave_comment_num': 11.129878438899553}","{'ave_push_num': 12.564287865100873, 'ave_comment_num': 19.890996687744654}","{'ave_push_num': 8.052365930599368, 'ave_comment_num': 12.369085173501578}","{'ave_push_num': 18.82308142940832, 'ave_comment_num': 11.562975981253661}","{'ave_push_num': 11.560228452751817, 'ave_comment_num': 16.925233644859812}","{'ave_push_num': 25.44729781525489, 'ave_comment_num': 10.108087389804522}","{'ave_push_num': 20.63658536585366, 'ave_comment_num': 12.562872628726288}","{'ave_push_num': 13.341608738828203, 'ave_comment_num': 8.76961271102284}","{'ave_push_num': 9.384177575412636, 'ave_comment_num': 7.61923733636881}",2016
4,"{'ave_push_num': 17.778054862842893, 'ave_comment_num': 16.11770573566085}","{'ave_push_num': 14.408317580340265, 'ave_comment_num': 19.876654064272213}","{'ave_push_num': 7.665056360708535, 'ave_comment_num': 5.05475040257649}","{'ave_push_num': 13.808274470232089, 'ave_comment_num': 7.565085771947528}","{'ave_push_num': 29.333630289532294, 'ave_comment_num': 33.458129175946546}","{'ave_push_num': 17.3593984962406, 'ave_comment_num': 31.277443609022555}","{'ave_push_num': 14.021796565389696, 'ave_comment_num': 9.72787318361955}","{'ave_push_num': 9.823529411764707, 'ave_comment_num': 14.64093137254902}","{'ave_push_num': 12.8690036900369, 'ave_comment_num': 10.415129151291513}","{'ave_push_num': 20.617336755061306, 'ave_comment_num': 10.800684345594526}","{'ave_push_num': 19.778824415975887, 'ave_comment_num': 18.03315749811605}","{'ave_push_num': 8.64030612244898, 'ave_comment_num': 4.019557823129252}","{'ave_push_num': 11.84584013050571, 'ave_comment_num': 39.625611745513865}","{'ave_push_num': 18.50334075723831, 'ave_comment_num': 12.17912822144448}","{'ave_push_num': 13.365562913907285, 'ave_comment_num': 6.066225165562914}","{'ave_push_num': 15.714423447743926, 'ave_comment_num': 13.889124566139607}","{'ave_push_num': 12.780409041980624, 'ave_comment_num': 8.066738428417654}","{'ave_push_num': 15.552721088435375, 'ave_comment_num': 10.445578231292517}","{'ave_push_num': 6.8474576271186445, 'ave_comment_num': 7.905084745762712}","{'ave_push_num': 15.33042212518195, 'ave_comment_num': 12.790878214459001}","{'ave_push_num': 11.495495495495495, 'ave_comment_num': 11.43667196608373}","{'ave_push_num': 11.654937570942112, 'ave_comment_num': 9.283768444948922}","{'ave_push_num': 13.371847776249426, 'ave_comment_num': 11.923888124713434}","{'ave_push_num': 10.50276923076923, 'ave_comment_num': 11.38523076923077}","{'ave_push_num': 20.673994638069704, 'ave_comment_num': 9.84450402144772}","{'ave_push_num': 14.579169598874032, 'ave_comment_num': 13.671358198451795}","{'ave_push_num': 26.01909039865244, 'ave_comment_num': 9.08197641774284}","{'ave_push_num': 17.398529411764706, 'ave_comment_num': 9.158235294117647}","{'ave_push_num': 13.558861578266495, 'ave_comment_num': 6.222509702457956}","{'ave_push_num': 8.532949790794978, 'ave_comment_num': 6.132845188284519}",2015
5,"{'ave_push_num': 11.22015503875969, 'ave_comment_num': 9.525581395348837}","{'ave_push_num': 15.407170294494238, 'ave_comment_num': 14.132522407170294}","{'ave_push_num': 6.960199004975125, 'ave_comment_num': 5.82089552238806}","{'ave_push_num': 10.825, 'ave_comment_num': 4.025}","{'ave_push_num': 24.25661914460285, 'ave_comment_num': 20.14731839782756}","{'ave_push_num': 11.593478260869565, 'ave_comment_num': 16.63586956521739}","{'ave_push_num': 12.604026845637584, 'ave_comment_num': 5.935123042505593}","{'ave_push_num': 7.068901303538175, 'ave_comment_num': 6.623836126629422}","{'ave_push_num': 8.068601583113457, 'ave_comment_num': 6.295514511873351}","{'ave_push_num': 15.745575221238939, 'ave_comment_num': 9.355088495575222}","{'ave_push_num': 18.329972502291476, 'ave_comment_num': 12.888175985334556}","{'ave_push_num': 9.206422018348624, 'ave_comment_num': 5.535168195718654}","{'ave_push_num': 11.239368165249088, 'ave_comment_num': 9.066828675577156}","{'ave_push_num': 21.138966760112133, 'ave_comment_num': 10.422907488986784}","{'ave_push_num': 8.652597402597403, 'ave_comment_num': 5.441558441558442}","{'ave_push_num': 16.356484326982176, 'ave_comment_num': 7.568531038721574}","{'ave_push_num': 11.078048780487805, 'ave_comment_num': 6.019512195121951}","{'ave_push_num': 12.442492012779553, 'ave_comment_num': 8.638977635782748}","{'ave_push_num': 6.594972067039106, 'ave_comment_num': 4.432960893854749}","{'ave_push_num': 15.176668266922707, 'ave_comment_num': 9.811329812770044}","{'ave_push_num': 14.47489539748954, 'ave_comment_num': 6.066945606694561}","{'ave_push_num': 8.935416666666667, 'ave_comment_num': 5.041666666666667}","{'ave_push_num': 8.57825370675453, 'ave_comment_num': 6.6392092257001645}","{'ave_push_num': 9.38477801268499, 'ave_comment_num': 6.164904862579281}","{'ave_push_num': 15.641080312722103, 'ave_comment_num': 7.464818763326226}","{'ave_push_num': 13.129192546583852, 'ave_comment_num': 7.905590062111801}","{'ave_push_num': 22.878701050620823, 'ave_comment_num': 8.233046800382043}","{'ave_push_num': 13.050026329647183, 'ave_comment_num': 6.541864139020537}","{'ave_push_num': 7.853968253968254, 'ave_comment_num': 3.6476190476190475}","{'ave_push_num': 8.2497461928934, 'ave_comment_num': 3.415228426395939}",2014
6,"{'ave_push_num': 6.573584905660377, 'ave_comment_num': 2.4339622641509435}","{'ave_push_num': 16.29, 'ave_comment_num': 17.46}","{'ave_push_num': 4.190635451505017, 'ave_comment_num': 4.882943143812709}","{'ave_push_num': 6.714285714285714, 'ave_comment_num': 1.0}","{'ave_push_num': 22.130016051364365, 'ave_comment_num': 7.38362760834671}","{'ave_push_num': 7.875661375661376, 'ave_comment_num': 8.055555555555555}","{'ave_push_num': 11.790697674418604, 'ave_comment_num': 6.011627906976744}","{'ave_push_num': 10.146596858638743, 'ave_comment_num': 3.8219895287958114}","{'ave_push_num': 7.195, 'ave_comment_num': 5.145}","{'ave_push_num': 15.21317365269461, 'ave_comment_num': 7.480239520958084}","{'ave_push_num': 12.681440443213296, 'ave_comment_num': 4.734072022160665}","{'ave_push_num': 3.230769230769231, 'ave_comment_num': 1.1538461538461537}","{'ave_push_num': 8.965116279069768, 'ave_comment_num': 4.72093023255814}","{'ave_push_num': 16.471368489162085, 'ave_comment_num': 8.406340989970884}","{'ave_push_num': 8.503649635036496, 'ave_comment_num': 4.562043795620438}","{'ave_push_num': 13.270058708414872, 'ave_comment_num': 5.389432485322896}","{'ave_push_num': 9.746031746031745, 'ave_comment_num': 4.261904761904762}","{'ave_push_num': 10.832167832167832, 'ave_comment_num': 6.479020979020979}","{'ave_push_num': 5.5, 'ave_comment_num': 2.1666666666666665}","{'ave_push_num': 14.330106485963213, 'ave_comment_num': 7.03000968054211}","{'ave_push_num': 15.52216748768473, 'ave_comment_num': 3.5566502463054186}","{'ave_push_num': 8.58011049723757, 'ave_comment_num': 4.066298342541437}","{'ave_push_num': 7.100346020761246, 'ave_comment_num': 4.003460207612457}","{'ave_push_num': 6.138613861386139, 'ave_comment_num': 4.6138613861386135}","{'ave_push_num': 16.278772378516624, 'ave_comment_num': 6.485933503836317}","{'ave_push_num': 9.748520710059172, 'ave_comment_num': 4.3579881656804735}","{'ave_push_num': 17.944099378881987, 'ave_comment_num': 5.478260869565218}","{'ave_push_num': 10.501646542261252, 'ave_comment_num': 4.9725576289791436}","{'ave_push_num': 6.990291262135922, 'ave_comment_num': 3.8349514563106797}","{'ave_push_num': 9.333333333333334, 'ave_comment_num': 2.6507936507936507}",2013
7,"{'ave_push_num': 7.081632653061225, 'ave_comment_num': 3.142857142857143}","{'ave_push_num': 9.53448275862069, 'ave_comment_num': 7.186781609195402}","{'ave_push_num': 4.125, 'ave_comment_num': 2.8333333333333335}","{'ave_push_num': 1.3333333333333333, 'ave_comment_num': 0.16666666666666666}","{'ave_push_num': 14.197461212976023, 'ave_comment_num': 5.128349788434415}","{'ave_push_num': 6.593406593406593, 'ave_comment_num': 2.5274725274725274}","{'ave_push_num': 6.666666666666667, 'ave_comment_num': 2.823529411764706}","{'ave_push_num': 4.635658914728682, 'ave_comment_num': 3.945736434108527}","{'ave_push_num': 3.4615384615384617, 'ave_comment_num': 2.8461538461538463}","{'ave_push_num': 6.625850340136054, 'ave_comment_num': 9.081632653061224}","{'ave_push_num': 1.0, 'ave_comment_num': 0.0}","{'ave_push_num': 1.5, 'ave_comment_num': 0.5}","{'ave_push_num': 3.646153846153846, 'ave_comment_num': 1.676923076923077}","{'ave_push_num': 10.538461538461538, 'ave_comment_num': 4.647435897435898}","{'ave_push_num': 7.5, 'ave_comment_num': 3.2857142857142856}","{'ave_push_num': 4.466666666666667, 'ave_comment_num': 11.842424242424242}","{'ave_push_num': 5.685314685314685, 'ave_comment_num': 5.748251748251748}","{'ave_push_num': 6.2228260869565215, 'ave_comment_num': 5.440217391304348}","{'ave_push_num': None, 'ave_comment_num': None}","{'ave_push_num': 9.317910447761195, 'ave_comment_num': 5.056716417910447}","{'ave_push_num': 12.168539325842696, 'ave_comment_num': 2.3258426966292136}","{'ave_push_num': 4.094117647058823, 'ave_comment_num': 3.388235294117647}","{'ave_push_num': 7.336842105263158, 'ave_comment_num': 4.221052631578948}","{'ave_push_num': None, 'ave_comment_num': None}","{'ave_push_num': 8.098290598290598, 'ave_comment_num': 9.132478632478632}","{'ave_push_num': 5.901734104046243, 'ave_comment_num': 4.855491329479769}","{'ave_push_num': 8.844660194174757, 'ave_comment_num': 3.1359223300970873}","{'ave_push_num': 3.7184466019417477, 'ave_comment_num': 3.3883495145631066}","{'ave_push_num': 7.945945945945946, 'ave_comment_num': 3.675675675675676}","{'ave_push_num': 3.9761904761904763, 'ave_comment_num': 1.8095238095238095}",2012
8,"{'ave_push_num': None, 'ave_comment_num': None}","{'ave_push_num': 4.375, 'ave_comment_num': 1.0}","{'ave_push_num': None, 'ave_comment_num': None}","{'ave_push_num': None, 'ave_comment_num': None}","{'ave_push_num': 6.005780346820809, 'ave_comment_num': 1.3641618497109826}","{'ave_push_num': None, 'ave_comment_num': None}","{'ave_push_num': 1.0, 'ave_comment_num': 1.0}","{'ave_push_num': 4.571428571428571, 'ave_comment_num': 0.7142857142857143}","{'ave_push_num': None, 'ave_comment_num': None}","{'ave_push_num': 1.0, 'ave_comment_num': 0.5}","{'ave_push_num': None, 'ave_comment_num': None}","{'ave_push_num': None, 'ave_comment_num': None}","{'ave_push_num': 3.8666666666666667, 'ave_comment_num': 1.0}","{'ave_push_num': 8.37037037037037, 'ave_comment_num': 4.018518518518518}","{'ave_push_num': 3.0952380952380953, 'ave_comment_num': 0.3333333333333333}","{'ave_push_num': 2.4444444444444446, 'ave_comment_num': 0.5555555555555556}","{'ave_push_num': None, 'ave_comment_num': None}","{'ave_push_num': 1.5, 'ave_comment_num': 0.5}","{'ave_push_num': None, 'ave_comment_num': None}","{'ave_push_num': 3.473684210526316, 'ave_comment_num': 0.7368421052631579}","{'ave_push_num': 4.225806451612903, 'ave_comment_num': 0.7096774193548387}","{'ave_push_num': 2.6315789473684212, 'ave_comment_num': 1.2105263157894737}","{'ave_push_num': 2.769230769230769, 'ave_comment_num': 0.7692307692307693}","{'ave_push_num': None, 'ave_comment_num': None}","{'ave_push_num': 4.1911764705882355, 'ave_comment_num': 5.492647058823529}","{'ave_push_num': None, 'ave_comment_num': None}","{'ave_push_num': 4.285714285714286, 'ave_comment_num': 0.0}","{'ave_push_num': 2.6818181818181817, 'ave_comment_num': 1.0}","{'ave_push_num': 1.8181818181818181, 'ave_comment_num': 0.18181818181818182}","{'ave_push_num': None, 'ave_comment_num': None}",2011
